# time,roll_L,pitch_L,yaw_L,roll_R,pitch_R,yaw_R
132026.000000,1.382890,-0.536849,-89.214683,1.615430,0.354732,-88.285940
132027.000000,165.456827,-16.037432,-124.953816,3.394839,-18.809318,-85.078172
132028.000000,166.592986,-3.388627,-36.444326,-8.911403,-1.235173,-44.962515
132029.000000,167.031541,-7.407435,-9.692050,-10.628529,0.557097,-47.143252
132030.000000,170.869316,-6.200412,-9.789887,-8.733586,-0.361066,-45.479758
132031.000000,8.873047,-0.100990,-88.195950,144.458836,9.627837,-122.231172
132032.000000,129.948707,13.632344,-117.973426,-70.281474,-25.776648,-95.519963
132033.000000,28.232551,12.198289,-72.348742,-176.097328,-2.704566,-109.485659
132034.000000,-38.092702,-14.187618,-83.735869,102.565084,13.160952,-100.424661
132035.000000,-79.575606,-14.238465,-95.775523,74.059746,8.579661,-93.322393
132036.000000,-79.559481,-13.130756,-94.166474,91.953248,9.299151,-95.319881
132037.000000,-110.937376,-12.908672,-92.275963,69.039463,6.478296,-87.908635
132038.000000,164.250270,-7.722683,-98.954905,-6.370207,-3.324180,-86.376982
132039.000000,88.534792,-5.852150,-95.499651,-68.160577,-5.753176,-87.558581
132040.000000,46.776433,-2.060766,-95.058229,-102.393976,-2.633420,-87.352010
132041.000000,22.929885,2.845211,-95.324656,-129.700023,-3.172973,-91.468887
132042.000000,-54.429811,5.273121,-84.871199,151.325136,0.648244,-92.229645
132043.000000,-118.962121,-2.254856,-77.249266,93.358108,-0.270425,-85.375309
132044.000000,-122.779779,-3.706689,-76.857578,91.169578,1.038898,-82.936902
132045.000000,-154.349138,-8.066898,-80.778621,57.977598,1.289178,-81.811775
132046.000000,45.410643,2.059262,-104.289054,-108.791713,-7.317178,-102.248577
132047.000000,-40.826055,3.289543,-91.655247,151.130918,3.728126,-105.660735
132048.000000,-85.299716,0.350001,-87.490930,106.046084,8.900140,-97.630985
132049.000000,-158.890079,-6.554545,-82.022245,44.846556,2.612262,-84.255063
132050.000000,107.368925,-20.626756,-89.198331,-30.571871,-8.480105,-81.742187
132051.000000,84.848520,-18.009586,-94.593311,-46.592577,-7.557811,-84.702756
132052.000000,68.432872,-14.809077,-98.732555,-62.530211,-7.708811,-86.737385
132053.000000,34.453567,-5.211632,-103.273478,-98.419620,-7.570725,-90.597807
132054.000000,-21.062017,9.227060,-95.138934,-152.697873,-3.758851,-89.393810
132055.000000,-69.220689,14.204923,-79.923755,167.993850,-1.282166,-83.036429
132056.000000,-85.222288,12.969809,-75.899900,155.045447,-0.431906,-83.401669
132057.000000,-96.842625,7.860095,-76.134115,135.958667,1.580199,-87.560120
132058.000000,-130.484238,1.353284,-73.847033,98.575754,4.345927,-85.310937
132059.000000,-175.795338,-8.561856,-70.719058,56.652045,1.040374,-79.230089
132060.000000,150.924706,-15.141406,-66.866389,29.433057,-2.634174,-71.982664
132061.000000,125.921706,-17.964629,-70.077682,8.383302,-4.013742,-69.596141
132062.000000,121.842814,-19.027373,-71.671411,8.980797,-4.013096,-71.277253
132063.000000,153.492432,-15.269069,-70.175086,39.269448,-1.688614,-77.231192
132064.000000,145.424760,-16.419292,-72.589214,32.786714,-2.160345,-77.523688
132065.000000,75.064125,-15.394633,-95.382867,-36.093261,-7.141438,-83.839196
132066.000000,39.054975,-6.603694,-102.338992,-75.396829,-8.482268,-88.516583
132067.000000,17.328225,-0.200115,-108.532543,-105.499178,-10.531837,-98.063584
132068.000000,-10.759684,6.014792,-108.426557,-141.312830,-8.861528,-107.392617
132069.000000,-79.667091,8.472590,-93.635904,148.703953,3.758318,-107.496356
132070.000000,-138.543800,1.951564,-82.876660,95.996714,7.030466,-95.790543
132071.000000,-160.636129,-2.661228,-78.960269,82.912883,6.857228,-91.403406
132072.000000,165.683628,-11.791218,-74.019577,60.584929,2.774366,-83.652620
132073.000000,118.212633,-23.611439,-83.106277,28.966468,-2.874078,-83.516168
132074.000000,47.274165,-17.639178,-102.990094,-16.436667,-4.964592,-84.350745
132075.000000,-24.272787,12.532925,-97.167193,-70.695163,2.580383,-81.904293
132076.000000,-54.271440,28.439296,-87.704500,-83.733923,9.531317,-76.334961
132077.000000,86.031923,15.888037,71.368456,-98.456425,-36.443825,-116.622708
132078.000000,162.020033,-34.886662,-165.154915,-158.315211,-29.120852,-110.560438
132079.000000,177.190099,-19.466302,140.996538,-174.723387,-2.612552,124.593306
132080.000000,148.189871,-42.264867,102.505186,-110.194852,-30.282399,38.458981
132081.000000,149.993958,-12.269679,59.183265,-35.015348,-12.473299,-135.997527
132082.000000,174.469726,3.383100,-32.441388,143.315425,39.800081,110.040101
132083.000000,-159.198930,-9.255727,-92.912448,3.297272,-42.154785,-153.042314
132084.000000,-138.627051,-22.007173,-117.502404,160.236944,-25.700135,-33.364447
132085.000000,-104.715731,-41.174813,-109.439937,-157.265378,32.294681,-52.089742
132086.000000,-12.957046,-9.884693,-52.373317,-26.101097,29.142154,-143.279354
132087.000000,56.413574,50.552030,-75.944675,46.955721,-30.861066,-127.422316
132088.000000,154.999095,32.416905,-149.451137,134.451904,-27.701513,-75.260642
132089.000000,-173.546704,-3.992315,-153.540721,171.754759,-2.691738,-60.853689
132090.000000,-162.645807,-14.932953,-142.786804,172.636156,-2.920325,-52.574026
132091.000000,-161.665086,-14.818047,-139.775976,168.698272,-6.726280,-50.692134
132092.000000,-156.961973,-20.239890,-137.733884,174.535298,-1.827739,-49.872897
132093.000000,-157.295217,-21.754543,-143.386572,179.818027,3.448383,-55.516123
132094.000000,-142.280491,-39.313942,-144.628731,-145.789064,26.394551,-74.315775
132095.000000,-39.805834,-40.950978,-66.221843,-49.232275,30.602462,-130.947819
132096.000000,23.517539,38.216475,-56.403159,30.227134,-16.825852,-133.750525
132097.000000,-166.856519,-14.256912,-147.804339,170.595902,-4.719292,-62.588430
132098.000000,19.167221,24.149876,-51.380369,-11.814037,14.236631,-138.101935
132099.000000,173.498533,5.055234,-120.962393,92.887707,-50.044235,-82.808041
132100.000000,-155.576644,-12.306070,-103.693560,116.109868,-54.138071,-57.569431
132101.000000,-155.441741,-14.084380,-112.010328,128.910495,-45.487310,-52.866419
132102.000000,147.460304,26.870539,-125.231501,57.794188,-40.158127,-114.545574
132103.000000,116.522315,42.658035,-113.172062,33.350872,-26.330274,-129.897851
132104.000000,151.265918,27.720583,-136.433748,77.356281,-38.292841,-104.369581
132105.000000,-164.964533,-11.825227,-132.750261,134.297271,-32.293681,-63.818112
132106.000000,-132.513432,-30.501193,-117.754291,162.843734,-13.982507,-49.589025
132107.000000,-131.211939,-29.691739,-115.085647,158.903149,-19.262844,-48.250081
132108.000000,-105.171004,-32.680370,-97.049953,167.639422,-11.969894,-40.040018
132109.000000,-76.805274,-35.605062,-83.968752,-170.762873,12.941265,-45.753159
132110.000000,-34.091763,-21.960999,-61.573038,-133.242733,41.178653,-64.695303
132111.000000,-87.873748,-35.449178,-90.410193,177.027292,-0.609855,-42.901187
132112.000000,117.912685,38.569160,-110.500725,12.411224,-12.060263,-138.776011
132113.000000,-11.476775,-6.781579,-53.762762,-102.542933,47.391603,-87.189384
132114.000000,-74.548365,-40.004138,-86.737880,-167.974487,14.119043,-55.362238
132115.000000,-144.318697,-26.905089,-130.855789,143.808138,-25.914175,-65.317877
132116.000000,-158.341570,-17.604751,-136.186123,125.373366,-33.589225,-75.596370
132117.000000,-154.676486,-18.229194,-131.026796,119.471354,-37.577338,-76.710500
132118.000000,-142.963155,-25.204079,-127.334666,133.362720,-32.324122,-69.485167
132119.000000,-140.286584,-28.766795,-130.645853,142.958591,-24.991694,-69.820540
132120.000000,-120.643909,-36.869200,-120.859807,160.440250,-13.328718,-66.003547
132121.000000,-61.456783,-36.493259,-82.702045,-163.676138,15.360386,-64.676450
132122.000000,-27.721897,-17.554059,-65.456230,-146.277974,29.509364,-64.491872
132123.000000,-31.273522,-17.095961,-67.304267,-160.108883,21.450778,-54.565363
132124.000000,-85.118568,-31.748059,-93.428417,156.600070,-21.817280,-55.053134
132125.000000,-153.136101,-15.680465,-127.579992,79.990055,-44.082939,-104.993342
132126.000000,158.786555,15.082769,-129.439834,17.131030,-15.411038,-142.071871
132127.000000,120.492697,30.120405,-113.246933,-14.368490,18.364023,-144.596189
132128.000000,70.477110,31.465911,-86.503571,-63.755591,51.777451,-115.686933
132129.000000,-10.619072,-3.201362,-67.299977,-168.009964,16.860843,-47.570087
132130.000000,-77.710242,-27.372361,-91.448274,144.246761,-29.401549,-61.565376
132131.000000,-124.241411,-24.430714,-116.519272,98.056542,-42.829476,-93.750710
132132.000000,-159.609928,-8.000976,-127.902579,47.932473,-34.224537,-128.035877
132133.000000,151.624368,17.767160,-126.198739,1.098820,2.254577,-146.923374
132134.000000,66.577434,30.985613,-91.488526,-70.765709,48.685841,-116.687590
132135.000000,8.273919,9.830205,-72.917812,-144.814542,34.326964,-67.464661
132136.000000,-21.347302,-6.808644,-75.490916,-175.309489,8.369261,-58.034107
132137.000000,-85.625572,-25.702063,-101.365371,133.083472,-30.986795,-77.110035
132138.000000,-153.445849,-13.308002,-135.494043,63.918980,-34.952060,-123.678484
132139.000000,154.976542,18.362486,-138.172679,9.548006,-4.618319,-148.442352
132140.000000,2.471988,5.399300,-77.044270,-161.891811,21.802186,-61.742241
132141.000000,164.188451,10.964300,-130.896883,0.595472,2.901175,-152.046174
132142.000000,13.169218,11.598984,-79.123176,-151.096906,29.741819,-69.137939
132143.000000,-104.806481,-32.613699,-122.193685,131.489574,-23.460297,-92.396553
132144.000000,-157.284911,-13.672541,-148.835601,76.419812,-29.513391,-121.895485
132145.000000,138.892154,26.114776,-136.043177,-7.069744,8.650796,-149.929871
132146.000000,73.254840,29.349413,-99.004859,-83.183293,46.704810,-111.184614
132147.000000,3.350473,6.010047,-78.804558,-168.719189,14.684248,-59.999707
132148.000000,-74.534401,-22.392321,-97.486476,125.292103,-33.698322,-82.282321
132149.000000,-150.021964,-13.795441,-132.580511,48.320434,-29.542657,-132.663406
132150.000000,164.423599,9.928682,-133.191362,-1.455256,4.166143,-149.478943
132151.000000,124.152158,23.128517,-118.133950,-43.202031,38.847203,-136.155649
132152.000000,31.973566,18.430969,-84.542640,-149.759239,30.412941,-67.747664
132153.000000,-162.320120,-6.401460,-129.808394,22.738475,-16.003299,-142.237479
132154.000000,61.076586,26.208896,-92.744254,-124.215306,42.929578,-80.648428
132155.000000,-97.215963,-22.098178,-106.704179,82.887833,-38.394601,-108.343031
132156.000000,103.527893,27.154464,-111.075331,-76.141859,45.438958,-114.916965
132157.000000,-45.353093,-14.000202,-86.621192,134.095274,-29.032894,-75.911512
132158.000000,150.707770,15.214942,-125.982586,-30.873486,29.425765,-142.329005
132159.000000,-19.891609,-3.503545,-81.336608,149.523287,-22.564329,-65.290811
132160.000000,-169.101375,-2.106206,-126.208013,-3.427669,6.141098,-148.557013
132161.000000,70.072396,25.704734,-96.904196,-141.232766,36.882629,-70.034586
132162.000000,-77.722850,-18.677387,-98.020185,76.193431,-39.769363,-112.578703
132163.000000,103.985180,27.273496,-113.219180,-104.205806,47.377428,-96.623921
132164.000000,-19.287276,-3.409937,-80.968984,142.015639,-25.831802,-71.006255
132165.000000,-109.221478,-17.455561,-107.572614,27.438528,-23.336550,-140.205090
132166.000000,158.431561,10.280581,-120.007975,-53.740000,45.690820,-128.424514
132167.000000,41.229491,19.353829,-86.688701,-179.140970,6.426859,-55.637050
132168.000000,-29.142540,-9.320433,-82.364442,132.541480,-27.685865,-81.180726
132169.000000,-133.962604,-36.370554,-149.772194,97.653919,-16.292358,-118.855044
132170.000000,176.723892,-3.930778,99.427696,-145.646687,-15.027489,172.352915
132171.000000,167.740445,-5.592047,-34.694351,-133.384831,70.396052,-7.768233
132172.000000,158.772464,3.502665,-113.156173,117.639885,-38.476409,-75.570946
132173.000000,-152.248515,-23.940826,-133.730329,131.046161,-22.441461,-89.027607
132174.000000,-16.010526,-11.738029,-69.756605,-108.063733,19.592950,-97.321327
132175.000000,114.745530,26.464370,-117.282355,34.801472,-19.366738,-126.102939
132176.000000,-135.864983,-22.331217,-115.309837,177.750178,-3.778702,-64.684587
132177.000000,7.815029,1.077931,-73.074376,-19.579508,13.008348,-127.511095
132178.000000,132.718040,9.262235,-101.792395,122.776018,-40.047075,-68.859357
132179.000000,-57.557389,-14.831406,-80.075972,-62.178743,36.087085,-105.569022
132180.000000,-156.981136,-9.456744,-102.820227,-165.896725,9.184090,-48.778606
132181.000000,106.177877,15.027015,-98.258266,92.400027,-42.441458,-91.433013
132182.000000,-27.187159,-12.190399,-76.779639,-36.578153,22.109568,-122.391585
132183.000000,160.967252,4.017627,-113.347202,155.917818,-20.106680,-61.116286
132184.000000,-20.192834,-9.461192,-76.655936,-19.129874,12.724836,-128.973512
132185.000000,-138.559524,-11.973222,-99.887163,-130.049796,31.190593,-63.898001
132186.000000,151.345757,3.189889,-100.539634,176.164598,-7.571897,-45.893136
132187.000000,58.025191,9.566801,-82.687351,71.582327,-43.715521,-103.691177
132188.000000,-169.631812,-5.886347,-106.601698,-152.894045,16.785893,-55.911882
132189.000000,-16.615198,-9.471909,-76.572775,-6.123120,2.638766,-130.884216
132190.000000,-79.991811,-18.304396,-89.676110,-49.966842,30.163250,-114.160518
132191.000000,161.160681,3.089367,-107.795801,-172.187901,1.753468,-53.161748
132192.000000,3.860181,-3.250139,-75.520905,17.039932,-14.424666,-131.418063
132193.000000,-157.468446,-9.229574,-117.518208,-142.465112,19.498169,-70.825162
132194.000000,34.077655,8.126953,-79.029816,46.460799,-28.795329,-122.988355
132195.000000,166.976900,4.185582,-119.618369,-171.545739,1.696060,-65.828669
132196.000000,-8.337665,-7.837354,-77.129258,21.160836,-16.935338,-130.780689
132197.000000,138.967455,8.117472,-102.303565,-168.689633,5.756186,-51.695667
132198.000000,-30.533021,-10.816045,-78.976562,23.580664,-21.602018,-129.955559
132199.000000,115.258175,9.661633,-94.303951,-173.916692,0.782256,-46.261439
132200.000000,-61.534273,-15.518807,-84.115374,7.165363,-7.766096,-133.601921
132201.000000,114.541964,15.633225,-101.679491,175.148288,-7.240598,-57.520819
132202.000000,-112.502316,-18.540577,-102.377418,-40.566082,25.524534,-120.856574
132203.000000,-25.459507,-6.488578,-77.925148,60.813214,-46.740000,-108.840573
132204.000000,-9.058743,1.232970,-76.250565,173.470228,-26.978671,0.278090
132205.000000,7.220768,-2.232571,-76.864153,-172.877399,71.346428,46.334487
132206.000000,148.614671,-42.415710,11.276470,-37.586622,-60.161646,-160.598866
132207.000000,-50.317322,48.200779,-46.625319,141.088189,65.267139,116.765918
132208.000000,43.563536,-49.468043,-60.700579,-13.559956,-26.930000,-137.514186
132209.000000,-162.843618,12.479673,49.783414,-175.214288,3.358631,105.890492
132210.000000,-13.342626,38.486435,-68.918703,21.508809,25.951351,-134.482867
132211.000000,-178.151344,-36.962520,76.672251,-169.231923,-2.394097,132.106738
132212.000000,1.501343,0.854816,-77.357530,-15.473207,-18.479857,-136.580019
132213.000000,-154.948182,36.073619,55.775352,149.955012,44.942778,128.498072
132214.000000,18.913461,-33.430342,-74.075130,-18.127761,-29.682758,-139.055515
132215.000000,-179.846039,-18.845642,53.603990,-166.944084,-11.713337,109.469089
132216.000000,-157.929273,31.800194,56.105609,151.855436,44.204240,125.421670
132217.000000,-34.183142,63.503060,-51.441767,22.610809,25.950118,-133.920766
132218.000000,5.723701,-30.283301,-78.509821,-77.407400,-41.693561,-171.854716
132219.000000,171.673588,-29.708777,44.536304,-157.342300,-29.536984,106.733877
132220.000000,-68.018228,-14.272280,-87.405496,22.587235,-19.247975,-127.259507
132221.000000,34.070838,45.478606,-87.113219,-49.026865,-17.066126,-130.237211
132222.000000,179.676941,-64.941827,99.538817,57.040013,32.390420,-144.758454
132223.000000,-172.867096,47.549535,89.011227,-67.557013,-51.965222,-157.143386
132224.000000,8.399147,-0.249301,-76.470079,153.204560,27.378577,139.001648
132225.000000,-126.971355,81.785346,45.646299,-122.258454,-49.770267,159.485585
